-- Dashboard dummy data for local/dev testing.
-- Run this SQL, then call: POST /api/dashboard/aggregate

DELETE FROM "review_likes"
WHERE "user_id" IN (
  '10000000-0000-0000-0000-000000000001',
  '10000000-0000-0000-0000-000000000002',
  '10000000-0000-0000-0000-000000000003',
  '10000000-0000-0000-0000-000000000004',
  '10000000-0000-0000-0000-000000000005',
  '10000000-0000-0000-0000-000000000006',
  '10000000-0000-0000-0000-000000000007',
  '10000000-0000-0000-0000-000000000008'
);

DELETE FROM "comments"
WHERE "user_id" IN (
  '10000000-0000-0000-0000-000000000001',
  '10000000-0000-0000-0000-000000000002',
  '10000000-0000-0000-0000-000000000003',
  '10000000-0000-0000-0000-000000000004',
  '10000000-0000-0000-0000-000000000005',
  '10000000-0000-0000-0000-000000000006',
  '10000000-0000-0000-0000-000000000007',
  '10000000-0000-0000-0000-000000000008'
);

DELETE FROM "notifications"
WHERE "user_id" IN (
  '10000000-0000-0000-0000-000000000001',
  '10000000-0000-0000-0000-000000000002',
  '10000000-0000-0000-0000-000000000003',
  '10000000-0000-0000-0000-000000000004',
  '10000000-0000-0000-0000-000000000005',
  '10000000-0000-0000-0000-000000000006',
  '10000000-0000-0000-0000-000000000007',
  '10000000-0000-0000-0000-000000000008'
);

DELETE FROM "popular_reviews"
WHERE "review_id" IN (
  '30000000-0000-0000-0000-000000000001',
  '30000000-0000-0000-0000-000000000002',
  '30000000-0000-0000-0000-000000000003',
  '30000000-0000-0000-0000-000000000004',
  '30000000-0000-0000-0000-000000000005',
  '30000000-0000-0000-0000-000000000006',
  '30000000-0000-0000-0000-000000000007',
  '30000000-0000-0000-0000-000000000008',
  '30000000-0000-0000-0000-000000000009',
  '30000000-0000-0000-0000-000000000010',
  '30000000-0000-0000-0000-000000000011',
  '30000000-0000-0000-0000-000000000012'
);

DELETE FROM "reviews"
WHERE "id" IN (
  '30000000-0000-0000-0000-000000000001',
  '30000000-0000-0000-0000-000000000002',
  '30000000-0000-0000-0000-000000000003',
  '30000000-0000-0000-0000-000000000004',
  '30000000-0000-0000-0000-000000000005',
  '30000000-0000-0000-0000-000000000006',
  '30000000-0000-0000-0000-000000000007',
  '30000000-0000-0000-0000-000000000008',
  '30000000-0000-0000-0000-000000000009',
  '30000000-0000-0000-0000-000000000010',
  '30000000-0000-0000-0000-000000000011',
  '30000000-0000-0000-0000-000000000012'
);

DELETE FROM "popular_books"
WHERE "book_id" IN (
  '20000000-0000-0000-0000-000000000001',
  '20000000-0000-0000-0000-000000000002',
  '20000000-0000-0000-0000-000000000003',
  '20000000-0000-0000-0000-000000000004',
  '20000000-0000-0000-0000-000000000005'
);

DELETE FROM "power_users"
WHERE "user_id" IN (
  '10000000-0000-0000-0000-000000000001',
  '10000000-0000-0000-0000-000000000002',
  '10000000-0000-0000-0000-000000000003',
  '10000000-0000-0000-0000-000000000004',
  '10000000-0000-0000-0000-000000000005',
  '10000000-0000-0000-0000-000000000006',
  '10000000-0000-0000-0000-000000000007',
  '10000000-0000-0000-0000-000000000008'
);

DELETE FROM "books"
WHERE "id" IN (
  '20000000-0000-0000-0000-000000000001',
  '20000000-0000-0000-0000-000000000002',
  '20000000-0000-0000-0000-000000000003',
  '20000000-0000-0000-0000-000000000004',
  '20000000-0000-0000-0000-000000000005'
);

DELETE FROM "users"
WHERE "id" IN (
  '10000000-0000-0000-0000-000000000001',
  '10000000-0000-0000-0000-000000000002',
  '10000000-0000-0000-0000-000000000003',
  '10000000-0000-0000-0000-000000000004',
  '10000000-0000-0000-0000-000000000005',
  '10000000-0000-0000-0000-000000000006',
  '10000000-0000-0000-0000-000000000007',
  '10000000-0000-0000-0000-000000000008'
);

INSERT INTO "users" ("id", "email", "password", "nickname", "status")
VALUES
  ('10000000-0000-0000-0000-000000000001', 'seed-user-1@deokhugam.dev', 'password123', 'SeedUser1', 'ACTIVE'),
  ('10000000-0000-0000-0000-000000000002', 'seed-user-2@deokhugam.dev', 'password123', 'SeedUser2', 'ACTIVE'),
  ('10000000-0000-0000-0000-000000000003', 'seed-user-3@deokhugam.dev', 'password123', 'SeedUser3', 'ACTIVE'),
  ('10000000-0000-0000-0000-000000000004', 'seed-user-4@deokhugam.dev', 'password123', 'SeedUser4', 'ACTIVE'),
  ('10000000-0000-0000-0000-000000000005', 'seed-user-5@deokhugam.dev', 'password123', 'SeedUser5', 'ACTIVE'),
  ('10000000-0000-0000-0000-000000000006', 'seed-user-6@deokhugam.dev', 'password123', 'SeedUser6', 'ACTIVE'),
  ('10000000-0000-0000-0000-000000000007', 'seed-user-7@deokhugam.dev', 'password123', 'SeedUser7', 'ACTIVE'),
  ('10000000-0000-0000-0000-000000000008', 'seed-user-8@deokhugam.dev', 'password123', 'SeedUser8', 'ACTIVE');

INSERT INTO "books" ("id", "title", "author", "description", "publisher", "published_date", "isbn", "review_count", "rating", "book_status")
VALUES
  ('20000000-0000-0000-0000-000000000001', 'Seed Book 1', 'Seed Author 1', 'Dashboard seed book 1', 'Seed Publisher', DATE '2026-04-01', 'DEV-SEED-BOOK-1', 4, 4.25, 'ACTIVE'),
  ('20000000-0000-0000-0000-000000000002', 'Seed Book 2', 'Seed Author 2', 'Dashboard seed book 2', 'Seed Publisher', DATE '2026-04-02', 'DEV-SEED-BOOK-2', 3, 4.33, 'ACTIVE'),
  ('20000000-0000-0000-0000-000000000003', 'Seed Book 3', 'Seed Author 3', 'Dashboard seed book 3', 'Seed Publisher', DATE '2026-04-03', 'DEV-SEED-BOOK-3', 3, 4.00, 'ACTIVE'),
  ('20000000-0000-0000-0000-000000000004', 'Seed Book 4', 'Seed Author 4', 'Dashboard seed book 4', 'Seed Publisher', DATE '2026-04-04', 'DEV-SEED-BOOK-4', 1, 2.00, 'ACTIVE'),
  ('20000000-0000-0000-0000-000000000005', 'Seed Book 5', 'Seed Author 5', 'Dashboard seed book 5', 'Seed Publisher', DATE '2026-04-05', 'DEV-SEED-BOOK-5', 1, 5.00, 'ACTIVE');

INSERT INTO "reviews" ("id", "book_id", "user_id", "rating", "content", "like_count", "comment_count", "status")
VALUES
  ('30000000-0000-0000-0000-000000000001', '20000000-0000-0000-0000-000000000001', '10000000-0000-0000-0000-000000000001', 5, 'Seed review 1 for dashboard ranking.', 4, 3, 'ACTIVE'),
  ('30000000-0000-0000-0000-000000000002', '20000000-0000-0000-0000-000000000001', '10000000-0000-0000-0000-000000000002', 4, 'Seed review 2 for dashboard ranking.', 3, 2, 'ACTIVE'),
  ('30000000-0000-0000-0000-000000000003', '20000000-0000-0000-0000-000000000001', '10000000-0000-0000-0000-000000000003', 5, 'Seed review 3 for dashboard ranking.', 4, 3, 'ACTIVE'),
  ('30000000-0000-0000-0000-000000000004', '20000000-0000-0000-0000-000000000001', '10000000-0000-0000-0000-000000000004', 3, 'Seed review 4 for dashboard ranking.', 0, 0, 'ACTIVE'),
  ('30000000-0000-0000-0000-000000000005', '20000000-0000-0000-0000-000000000002', '10000000-0000-0000-0000-000000000001', 4, 'Seed review 5 for dashboard ranking.', 1, 1, 'ACTIVE'),
  ('30000000-0000-0000-0000-000000000006', '20000000-0000-0000-0000-000000000002', '10000000-0000-0000-0000-000000000002', 5, 'Seed review 6 for dashboard ranking.', 1, 1, 'ACTIVE'),
  ('30000000-0000-0000-0000-000000000007', '20000000-0000-0000-0000-000000000002', '10000000-0000-0000-0000-000000000005', 4, 'Seed review 7 for dashboard ranking.', 0, 1, 'ACTIVE'),
  ('30000000-0000-0000-0000-000000000008', '20000000-0000-0000-0000-000000000003', '10000000-0000-0000-0000-000000000003', 3, 'Seed review 8 for dashboard ranking.', 1, 0, 'ACTIVE'),
  ('30000000-0000-0000-0000-000000000009', '20000000-0000-0000-0000-000000000003', '10000000-0000-0000-0000-000000000004', 4, 'Seed review 9 for dashboard ranking.', 0, 1, 'ACTIVE'),
  ('30000000-0000-0000-0000-000000000010', '20000000-0000-0000-0000-000000000003', '10000000-0000-0000-0000-000000000006', 5, 'Seed review 10 for dashboard ranking.', 1, 1, 'ACTIVE'),
  ('30000000-0000-0000-0000-000000000011', '20000000-0000-0000-0000-000000000004', '10000000-0000-0000-0000-000000000007', 2, 'Seed review 11 for dashboard ranking.', 0, 1, 'ACTIVE'),
  ('30000000-0000-0000-0000-000000000012', '20000000-0000-0000-0000-000000000005', '10000000-0000-0000-0000-000000000008', 5, 'Seed review 12 for dashboard ranking.', 0, 0, 'ACTIVE');

INSERT INTO "comments" ("id", "review_id", "user_id", "content", "status")
VALUES
  ('40000000-0000-0000-0000-000000000001', '30000000-0000-0000-0000-000000000001', '10000000-0000-0000-0000-000000000005', 'Seed comment 1 for dashboard ranking.', 'ACTIVE'),
  ('40000000-0000-0000-0000-000000000002', '30000000-0000-0000-0000-000000000001', '10000000-0000-0000-0000-000000000006', 'Seed comment 2 for dashboard ranking.', 'ACTIVE'),
  ('40000000-0000-0000-0000-000000000003', '30000000-0000-0000-0000-000000000001', '10000000-0000-0000-0000-000000000007', 'Seed comment 3 for dashboard ranking.', 'ACTIVE'),
  ('40000000-0000-0000-0000-000000000004', '30000000-0000-0000-0000-000000000002', '10000000-0000-0000-0000-000000000001', 'Seed comment 4 for dashboard ranking.', 'ACTIVE'),
  ('40000000-0000-0000-0000-000000000005', '30000000-0000-0000-0000-000000000002', '10000000-0000-0000-0000-000000000005', 'Seed comment 5 for dashboard ranking.', 'ACTIVE'),
  ('40000000-0000-0000-0000-000000000006', '30000000-0000-0000-0000-000000000003', '10000000-0000-0000-0000-000000000002', 'Seed comment 6 for dashboard ranking.', 'ACTIVE'),
  ('40000000-0000-0000-0000-000000000007', '30000000-0000-0000-0000-000000000003', '10000000-0000-0000-0000-000000000008', 'Seed comment 7 for dashboard ranking.', 'ACTIVE'),
  ('40000000-0000-0000-0000-000000000008', '30000000-0000-0000-0000-000000000003', '10000000-0000-0000-0000-000000000004', 'Seed comment 8 for dashboard ranking.', 'ACTIVE'),
  ('40000000-0000-0000-0000-000000000009', '30000000-0000-0000-0000-000000000005', '10000000-0000-0000-0000-000000000003', 'Seed comment 9 for dashboard ranking.', 'ACTIVE'),
  ('40000000-0000-0000-0000-000000000010', '30000000-0000-0000-0000-000000000006', '10000000-0000-0000-0000-000000000007', 'Seed comment 10 for dashboard ranking.', 'ACTIVE'),
  ('40000000-0000-0000-0000-000000000011', '30000000-0000-0000-0000-000000000007', '10000000-0000-0000-0000-000000000008', 'Seed comment 11 for dashboard ranking.', 'ACTIVE'),
  ('40000000-0000-0000-0000-000000000012', '30000000-0000-0000-0000-000000000009', '10000000-0000-0000-0000-000000000001', 'Seed comment 12 for dashboard ranking.', 'ACTIVE'),
  ('40000000-0000-0000-0000-000000000013', '30000000-0000-0000-0000-000000000010', '10000000-0000-0000-0000-000000000002', 'Seed comment 13 for dashboard ranking.', 'ACTIVE'),
  ('40000000-0000-0000-0000-000000000014', '30000000-0000-0000-0000-000000000011', '10000000-0000-0000-0000-000000000003', 'Seed comment 14 for dashboard ranking.', 'ACTIVE');

INSERT INTO "review_likes" ("id", "review_id", "user_id", "liked_at")
VALUES
  ('50000000-0000-0000-0000-000000000001', '30000000-0000-0000-0000-000000000001', '10000000-0000-0000-0000-000000000002', CURRENT_TIMESTAMP),
  ('50000000-0000-0000-0000-000000000002', '30000000-0000-0000-0000-000000000001', '10000000-0000-0000-0000-000000000003', CURRENT_TIMESTAMP),
  ('50000000-0000-0000-0000-000000000003', '30000000-0000-0000-0000-000000000001', '10000000-0000-0000-0000-000000000004', CURRENT_TIMESTAMP),
  ('50000000-0000-0000-0000-000000000004', '30000000-0000-0000-0000-000000000001', '10000000-0000-0000-0000-000000000005', CURRENT_TIMESTAMP),
  ('50000000-0000-0000-0000-000000000005', '30000000-0000-0000-0000-000000000002', '10000000-0000-0000-0000-000000000001', CURRENT_TIMESTAMP),
  ('50000000-0000-0000-0000-000000000006', '30000000-0000-0000-0000-000000000002', '10000000-0000-0000-0000-000000000003', CURRENT_TIMESTAMP),
  ('50000000-0000-0000-0000-000000000007', '30000000-0000-0000-0000-000000000002', '10000000-0000-0000-0000-000000000006', CURRENT_TIMESTAMP),
  ('50000000-0000-0000-0000-000000000008', '30000000-0000-0000-0000-000000000003', '10000000-0000-0000-0000-000000000001', CURRENT_TIMESTAMP),
  ('50000000-0000-0000-0000-000000000009', '30000000-0000-0000-0000-000000000003', '10000000-0000-0000-0000-000000000002', CURRENT_TIMESTAMP),
  ('50000000-0000-0000-0000-000000000010', '30000000-0000-0000-0000-000000000003', '10000000-0000-0000-0000-000000000005', CURRENT_TIMESTAMP),
  ('50000000-0000-0000-0000-000000000011', '30000000-0000-0000-0000-000000000003', '10000000-0000-0000-0000-000000000007', CURRENT_TIMESTAMP),
  ('50000000-0000-0000-0000-000000000012', '30000000-0000-0000-0000-000000000005', '10000000-0000-0000-0000-000000000008', CURRENT_TIMESTAMP),
  ('50000000-0000-0000-0000-000000000013', '30000000-0000-0000-0000-000000000006', '10000000-0000-0000-0000-000000000007', CURRENT_TIMESTAMP),
  ('50000000-0000-0000-0000-000000000014', '30000000-0000-0000-0000-000000000008', '10000000-0000-0000-0000-000000000006', CURRENT_TIMESTAMP),
  ('50000000-0000-0000-0000-000000000015', '30000000-0000-0000-0000-000000000010', '10000000-0000-0000-0000-000000000004', CURRENT_TIMESTAMP);
